{
  "logreg": {
    "accuracy": 0.9238875878220141,
    "precision": 0.955078125,
    "recall": 0.9209039548022598,
    "f1": 0.9376797698945349,
    "roc_auc": 0.9734305854366725
  },
  "random_forest": {
    "accuracy": 0.9812646370023419,
    "precision": 0.9831144465290806,
    "recall": 0.9868173258003766,
    "f1": 0.9849624060150376,
    "roc_auc": 0.9988572294811472
  }
}